id,company_id,role,title,description,salary_h,hours_per_week,area,location,years_xp,work_model,contract_type,date_expires
1,44,Help Desk Operator,Help Desk Operator 5,nulla integer pede justo lacinia eget tincidunt eget tempus vel pede morbi porttitor lorem id ligula suspendisse ornare consequat lectus,13,27,Investment Bankers/Brokers/Service,80975 Del Mar Pass,10+ anos,Remoto,Tempo inteiro,2023-11-03
2,21,Executive Secretary,Executive Secretary 39,morbi quis tortor id nulla ultrices aliquet maecenas leo odio condimentum id luctus nec molestie sed justo pellentesque viverra pede,49,25,Computer Software: Prepackaged Software,60016 Anzinger Plaza,3-5 anos,Presencial,Tempo inteiro,2023-08-19
3,28,Environmental Specialist,Environmental Specialist 45,vestibulum eget vulputate ut ultrices vel augue vestibulum ante ipsum primis in faucibus orci luctus et ultrices posuere cubilia curae,30,40,n/a,721 Morrow Court,0 anos,Híbrido,Meia jornada,2023-03-03
4,36,Pharmacist,Pharmacist 35,id ornare imperdiet sapien urna pretium nisl ut volutpat sapien arcu,63,38,Real Estate Investment Trusts,73 Golf Place,5-10 anos,Remoto,Meia jornada,2023-06-06
5,48,Structural Analysis Engineer,Structural Analysis Engineer 40,justo aliquam quis turpis eget elit sodales scelerisque mauris sit amet eros,41,33,Major Banks,23897 Columbus Place,0-3 anos,Remoto,Estágio,2023-04-10
6,39,Clinical Specialist,Clinical Specialist 26,justo in blandit ultrices enim lorem ipsum dolor sit amet consectetuer adipiscing elit proin interdum,67,20,Aerospace,7 Artisan Court,5-10 anos,Remoto,Estágio,2023-07-03
7,6,Payment Adjustment Coordinator,Payment Adjustment Coordinator 6,commodo placerat praesent blandit nam nulla integer pede justo lacinia eget tincidunt,50,27,Business Services,9643 Corry Lane,5-10 anos,Híbrido,Tempo inteiro,2022-11-27
8,45,Senior Financial Analyst,Senior Financial Analyst 39,amet eros suspendisse accumsan tortor quis turpis sed ante vivamus tortor duis mattis,58,36,n/a,02325 Chive Center,3-5 anos,Híbrido,Estágio,2023-04-30
9,47,VP Sales,VP Sales 78,nec dui luctus rutrum nulla tellus in sagittis dui vel,102,35,Major Banks,79031 Lighthouse Bay Road,3-5 anos,Remoto,Meia jornada,2023-08-12
10,12,Executive Secretary,Executive Secretary 100,vestibulum ante ipsum primis in faucibus orci luctus et ultrices posuere cubilia,19,33,Semiconductors,44598 Arizona Center,0 anos,Híbrido,Tempo inteiro,2023-04-27
11,16,Safety Technician I,Safety Technician I 22,hac habitasse platea dictumst morbi vestibulum velit id pretium iaculis,125,39,Oil & Gas Production,63077 Grasskamp Lane,0 anos,Remoto,Estágio,2023-04-02
12,33,Engineer I,Engineer I 77,rhoncus aliquam lacus morbi quis tortor id nulla ultrices aliquet,12,24,Commercial Banks,605 Lillian Avenue,5-10 anos,Presencial,Estágio,2023-10-14
13,1,Help Desk Technician,Help Desk Technician 97,aliquet massa id lobortis convallis tortor risus dapibus augue vel accumsan tellus nisi eu orci,40,33,Oil & Gas Production,2 Eastlawn Parkway,10+ anos,Remoto,Meia jornada,2023-11-08
14,4,Director of Sales,Director of Sales 42,in felis eu sapien cursus vestibulum proin eu mi nulla ac enim,43,31,Metal Fabrications,77381 Scoville Street,5-10 anos,Presencial,Estágio,2023-06-24
15,41,Product Engineer,Product Engineer 36,ut erat curabitur gravida nisi at nibh in hac habitasse platea dictumst,39,20,Investment Managers,39840 Bunting Circle,0-3 anos,Presencial,Tempo inteiro,2023-11-12
16,7,Editor,Editor 96,nisi vulputate nonummy maecenas tincidunt lacus at velit vivamus vel nulla eget eros,115,34,Miscellaneous manufacturing industries,35270 Delaware Way,0-3 anos,Híbrido,Estágio,2023-02-26
17,32,Executive Secretary,Executive Secretary 67,et eros vestibulum ac est lacinia nisi venenatis tristique fusce congue diam id ornare imperdiet sapien urna,61,38,Oil & Gas Production,11 Elka Court,10+ anos,Remoto,Tempo inteiro,2023-06-13
18,9,Account Representative III,Account Representative III 20,lacinia sapien quis libero nullam sit amet turpis elementum ligula vehicula consequat morbi,95,33,n/a,65247 Mallory Court,10+ anos,Remoto,Meia jornada,2022-12-23
19,42,Junior Executive,Junior Executive 92,nunc donec quis orci eget orci vehicula condimentum curabitur in libero ut massa volutpat convallis morbi odio odio,22,20,n/a,38 Spaight Hill,3-5 anos,Presencial,Estágio,2023-08-24
20,14,Payment Adjustment Coordinator,Payment Adjustment Coordinator 12,at turpis donec posuere metus vitae ipsum aliquam non mauris,123,40,n/a,8 Scoville Avenue,5-10 anos,Presencial,Tempo inteiro,2023-02-21
21,5,Librarian,Librarian 61,duis at velit eu est congue elementum in hac habitasse platea dictumst morbi vestibulum,64,39,Hospital/Nursing Management,458 Elgar Terrace,10+ anos,Híbrido,Tempo inteiro,2022-12-18
22,23,Administrative Officer,Administrative Officer 29,erat vestibulum sed magna at nunc commodo placerat praesent blandit nam nulla integer,105,29,Industrial Machinery/Components,8 Moulton Circle,0 anos,Remoto,Meia jornada,2023-04-10
23,25,Business Systems Development Analyst,Business Systems Development Analyst 20,id nisl venenatis lacinia aenean sit amet justo morbi ut odio cras mi pede malesuada in imperdiet et commodo,47,37,Major Pharmaceuticals,71398 Graceland Pass,10+ anos,Presencial,Tempo inteiro,2023-10-13
24,34,Software Engineer IV,Software Engineer IV 48,orci pede venenatis non sodales sed tincidunt eu felis fusce posuere felis sed lacus,44,23,Precious Metals,79 Lighthouse Bay Pass,10+ anos,Presencial,Estágio,2023-10-31
25,49,Quality Engineer,Quality Engineer 63,nam congue risus semper porta volutpat quam pede lobortis ligula sit amet eleifend pede libero quis orci nullam molestie nibh,52,33,Major Banks,9521 Huxley Court,0 anos,Presencial,Estágio,2023-05-15
26,35,Clinical Specialist,Clinical Specialist 43,fusce congue diam id ornare imperdiet sapien urna pretium nisl ut volutpat sapien arcu sed augue aliquam,96,39,Investment Bankers/Brokers/Service,7544 Ruskin Road,0-3 anos,Híbrido,Meia jornada,2023-08-04
27,30,Nurse,Nurse 42,ut odio cras mi pede malesuada in imperdiet et commodo vulputate,49,31,Medical/Nursing Services,906 Hazelcrest Way,0 anos,Remoto,Tempo inteiro,2023-10-27
28,17,Product Engineer,Product Engineer 93,vitae ipsum aliquam non mauris morbi non lectus aliquam sit amet diam in magna bibendum imperdiet nullam orci,70,29,Medical/Nursing Services,6426 New Castle Court,0 anos,Remoto,Estágio,2023-02-03
29,50,Assistant Professor,Assistant Professor 84,hac habitasse platea dictumst morbi vestibulum velit id pretium iaculis diam erat fermentum,51,39,Major Pharmaceuticals,0 Declaration Street,5-10 anos,Remoto,Estágio,2023-11-05
30,31,Analog Circuit Design manager,Analog Circuit Design manager 35,dui luctus rutrum nulla tellus in sagittis dui vel nisl,36,27,Electric Utilities: Central,2 Carberry Plaza,3-5 anos,Presencial,Tempo inteiro,2023-01-14
31,22,Accounting Assistant III,Accounting Assistant III 39,metus arcu adipiscing molestie hendrerit at vulputate vitae nisl aenean lectus pellentesque eget nunc donec quis orci eget orci,117,33,Oil & Gas Production,3 Bay Plaza,5-10 anos,Híbrido,Estágio,2023-01-16
32,20,Quality Engineer,Quality Engineer 66,in eleifend quam a odio in hac habitasse platea dictumst maecenas ut massa quis augue luctus,55,32,Investment Bankers/Brokers/Service,89468 Transport Lane,3-5 anos,Remoto,Meia jornada,2023-06-28
33,11,VP Marketing,VP Marketing 4,vitae mattis nibh ligula nec sem duis aliquam convallis nunc proin at turpis a pede posuere nonummy integer non velit,70,33,Biotechnology: Commercial Physical & Biological Resarch,1431 East Alley,0-3 anos,Híbrido,Tempo inteiro,2023-10-14
34,40,Automation Specialist II,Automation Specialist II 85,consectetuer eget rutrum at lorem integer tincidunt ante vel ipsum praesent blandit lacinia,41,24,n/a,10 Schmedeman Plaza,0-3 anos,Híbrido,Estágio,2023-11-07
35,27,Project Manager,Project Manager 96,nibh in hac habitasse platea dictumst aliquam augue quam sollicitudin vitae consectetuer eget rutrum at lorem integer tincidunt ante vel,90,26,Major Pharmaceuticals,94 Mariners Cove Circle,0-3 anos,Presencial,Tempo inteiro,2023-10-28
36,38,Teacher,Teacher 41,posuere felis sed lacus morbi sem mauris laoreet ut rhoncus aliquet pulvinar sed nisl nunc rhoncus dui vel sem sed,110,26,n/a,752 Golf Crossing,10+ anos,Remoto,Meia jornada,2023-03-24
37,2,Nuclear Power Engineer,Nuclear Power Engineer 8,suspendisse potenti cras in purus eu magna vulputate luctus cum sociis natoque penatibus et magnis dis parturient montes,70,26,Computer Software: Prepackaged Software,8544 Forest Run Park,5-10 anos,Remoto,Tempo inteiro,2023-08-25
38,46,Executive Secretary,Executive Secretary 33,mus etiam vel augue vestibulum rutrum rutrum neque aenean auctor gravida sem praesent id massa id,66,21,Telecommunications Equipment,7322 Magdeline Plaza,10+ anos,Presencial,Tempo inteiro,2022-12-12
39,43,Recruiting Manager,Recruiting Manager 74,a ipsum integer a nibh in quis justo maecenas rhoncus aliquam lacus morbi,29,40,Major Chemicals,1404 Carioca Park,10+ anos,Presencial,Estágio,2023-04-21
40,15,Information Systems Manager,Information Systems Manager 85,pede ac diam cras pellentesque volutpat dui maecenas tristique est et tempus semper est quam pharetra magna ac consequat metus,32,29,Catalog/Specialty Distribution,0 Gulseth Circle,10+ anos,Presencial,Tempo inteiro,2023-04-08
41,24,Product Engineer,Product Engineer 12,massa tempor convallis nulla neque libero convallis eget eleifend luctus ultricies eu nibh quisque id justo sit amet,18,31,n/a,0 Aberg Plaza,0-3 anos,Remoto,Tempo inteiro,2023-11-03
42,37,Pharmacist,Pharmacist 60,placerat ante nulla justo aliquam quis turpis eget elit sodales scelerisque mauris sit amet eros suspendisse accumsan tortor quis turpis,15,33,Mining & Quarrying of Nonmetallic Minerals (No Fuels),128 Goodland Lane,5-10 anos,Remoto,Estágio,2023-07-31
43,8,Account Executive,Account Executive 71,nec condimentum neque sapien placerat ante nulla justo aliquam quis turpis eget elit sodales scelerisque mauris sit amet,10,24,Real Estate,5872 Beilfuss Way,10+ anos,Presencial,Meia jornada,2022-12-22
44,10,Senior Developer,Senior Developer 3,cum sociis natoque penatibus et magnis dis parturient montes nascetur ridiculus mus etiam vel augue vestibulum rutrum rutrum neque,84,23,n/a,1 Fairview Way,3-5 anos,Presencial,Meia jornada,2023-02-13
45,18,Analog Circuit Design manager,Analog Circuit Design manager 95,sapien placerat ante nulla justo aliquam quis turpis eget elit sodales scelerisque mauris sit,64,30,Electric Utilities: Central,92 Elka Court,0-3 anos,Remoto,Tempo inteiro,2023-09-03
46,13,Executive Secretary,Executive Secretary 68,in felis donec semper sapien a libero nam dui proin leo odio porttitor id,57,34,Real Estate Investment Trusts,8132 Rockefeller Lane,3-5 anos,Híbrido,Tempo inteiro,2023-03-11
47,3,Junior Executive,Junior Executive 4,ipsum primis in faucibus orci luctus et ultrices posuere cubilia curae,42,20,Mining & Quarrying of Nonmetallic Minerals (No Fuels),90 Bluejay Plaza,0-3 anos,Presencial,Meia jornada,2023-04-04
48,29,Programmer Analyst II,Programmer Analyst II 22,rhoncus dui vel sem sed sagittis nam congue risus semper porta volutpat,13,33,Investment Managers,821 Golf Course Point,5-10 anos,Híbrido,Meia jornada,2023-07-15
49,19,Product Engineer,Product Engineer 41,elit ac nulla sed vel enim sit amet nunc viverra dapibus nulla suscipit,119,26,Other Specialty Stores,9205 Tennessee Alley,3-5 anos,Presencial,Tempo inteiro,2023-06-11
50,26,Help Desk Operator,Help Desk Operator 98,felis ut at dolor quis odio consequat varius integer ac leo pellentesque ultrices mattis odio donec vitae nisi nam ultrices,95,35,EDP Services,8533 Bartelt Drive,0-3 anos,Híbrido,Tempo inteiro,2023-02-07
51,49,Occupational Therapist,Occupational Therapist 47,porta volutpat erat quisque erat eros viverra eget congue eget semper rutrum,48,33,Catalog/Specialty Distribution,9521 Huxley Court,10+ anos,Remoto,Estágio,2022-12-28
52,21,Budget/Accounting Analyst III,Budget/Accounting Analyst III 79,neque aenean auctor gravida sem praesent id massa id nisl venenatis,53,32,Miscellaneous manufacturing industries,60016 Anzinger Plaza,3-5 anos,Híbrido,Meia jornada,2023-06-18
53,19,Professor,Professor 93,venenatis turpis enim blandit mi in porttitor pede justo eu massa donec dapibus duis at velit eu est congue elementum,91,37,Electric Utilities: Central,9205 Tennessee Alley,5-10 anos,Híbrido,Estágio,2023-08-24
54,42,Data Coordiator,Data Coordiator 36,id ligula suspendisse ornare consequat lectus in est risus auctor sed tristique in tempus sit amet sem fusce consequat nulla,109,23,Real Estate Investment Trusts,38 Spaight Hill,3-5 anos,Híbrido,Meia jornada,2023-09-05
55,39,Senior Cost Accountant,Senior Cost Accountant 28,pellentesque ultrices phasellus id sapien in sapien iaculis congue vivamus metus arcu adipiscing,97,25,Real Estate,7 Artisan Court,3-5 anos,Híbrido,Tempo inteiro,2023-01-28
56,28,Physical Therapy Assistant,Physical Therapy Assistant 65,vivamus metus arcu adipiscing molestie hendrerit at vulputate vitae nisl aenean lectus pellentesque eget,97,40,EDP Services,721 Morrow Court,3-5 anos,Híbrido,Tempo inteiro,2022-12-05
57,29,Junior Executive,Junior Executive 19,eu nibh quisque id justo sit amet sapien dignissim vestibulum vestibulum ante ipsum primis,53,28,Major Pharmaceuticals,821 Golf Course Point,5-10 anos,Presencial,Estágio,2023-01-02
58,40,Automation Specialist III,Automation Specialist III 39,sed augue aliquam erat volutpat in congue etiam justo etiam pretium iaculis justo in hac habitasse,74,39,RETAIL: Building Materials,10 Schmedeman Plaza,3-5 anos,Presencial,Meia jornada,2023-09-20
59,34,Speech Pathologist,Speech Pathologist 28,vulputate vitae nisl aenean lectus pellentesque eget nunc donec quis,69,35,Oil Refining/Marketing,79 Lighthouse Bay Pass,5-10 anos,Presencial,Estágio,2023-04-27
60,27,Web Designer IV,Web Designer IV 80,velit donec diam neque vestibulum eget vulputate ut ultrices vel augue vestibulum ante ipsum primis,118,30,Finance: Consumer Services,94 Mariners Cove Circle,10+ anos,Híbrido,Meia jornada,2023-09-30
61,31,Accountant I,Accountant I 1,volutpat eleifend donec ut dolor morbi vel lectus in quam fringilla rhoncus,45,30,n/a,2 Carberry Plaza,0 anos,Remoto,Estágio,2023-05-25
62,44,Food Chemist,Food Chemist 74,aliquam quis turpis eget elit sodales scelerisque mauris sit amet eros suspendisse accumsan tortor quis turpis sed,102,21,Business Services,80975 Del Mar Pass,10+ anos,Presencial,Tempo inteiro,2023-10-02
63,8,Accounting Assistant I,Accounting Assistant I 2,ut dolor morbi vel lectus in quam fringilla rhoncus mauris enim leo rhoncus sed vestibulum,5,33,n/a,5872 Beilfuss Way,5-10 anos,Remoto,Tempo inteiro,2023-05-24
64,5,Web Developer II,Web Developer II 85,fringilla rhoncus mauris enim leo rhoncus sed vestibulum sit amet cursus id turpis integer aliquet massa id,120,38,Department/Specialty Retail Stores,458 Elgar Terrace,10+ anos,Remoto,Estágio,2023-05-16
65,35,Civil Engineer,Civil Engineer 91,velit vivamus vel nulla eget eros elementum pellentesque quisque porta,54,32,Savings Institutions,7544 Ruskin Road,0-3 anos,Remoto,Estágio,2023-08-15
66,48,Director of Sales,Director of Sales 16,mauris non ligula pellentesque ultrices phasellus id sapien in sapien iaculis congue vivamus metus arcu adipiscing molestie hendrerit,99,29,Department/Specialty Retail Stores,23897 Columbus Place,0-3 anos,Remoto,Estágio,2023-04-12
67,26,Geologist II,Geologist II 68,et ultrices posuere cubilia curae duis faucibus accumsan odio curabitur convallis duis consequat dui nec nisi,92,34,Industrial Machinery/Components,8533 Bartelt Drive,0-3 anos,Remoto,Meia jornada,2023-02-24
68,37,Payment Adjustment Coordinator,Payment Adjustment Coordinator 21,in magna bibendum imperdiet nullam orci pede venenatis non sodales sed tincidunt eu felis,14,25,Other Consumer Services,128 Goodland Lane,3-5 anos,Presencial,Tempo inteiro,2023-02-28
69,10,Nurse Practicioner,Nurse Practicioner 68,diam cras pellentesque volutpat dui maecenas tristique est et tempus semper est quam pharetra magna ac consequat metus sapien ut,113,23,n/a,1 Fairview Way,10+ anos,Remoto,Estágio,2023-04-14
70,6,Senior Editor,Senior Editor 70,sem fusce consequat nulla nisl nunc nisl duis bibendum felis sed interdum venenatis turpis enim blandit mi,80,40,Agricultural Chemicals,9643 Corry Lane,10+ anos,Remoto,Tempo inteiro,2023-02-03
71,22,VP Accounting,VP Accounting 88,vivamus vel nulla eget eros elementum pellentesque quisque porta volutpat erat quisque erat eros viverra eget congue eget,93,35,Computer Manufacturing,3 Bay Plaza,5-10 anos,Híbrido,Meia jornada,2023-01-09
72,16,Junior Executive,Junior Executive 22,volutpat sapien arcu sed augue aliquam erat volutpat in congue etiam justo etiam pretium iaculis justo in hac,12,33,n/a,63077 Grasskamp Lane,3-5 anos,Híbrido,Estágio,2023-05-16
73,23,Analyst Programmer,Analyst Programmer 9,at ipsum ac tellus semper interdum mauris ullamcorper purus sit amet,59,35,Clothing/Shoe/Accessory Stores,8 Moulton Circle,3-5 anos,Remoto,Tempo inteiro,2023-09-11
74,33,Clinical Specialist,Clinical Specialist 35,libero non mattis pulvinar nulla pede ullamcorper augue a suscipit nulla elit ac nulla,87,21,Home Furnishings,605 Lillian Avenue,10+ anos,Remoto,Estágio,2023-03-12
75,41,Technical Writer,Technical Writer 72,nisl duis ac nibh fusce lacus purus aliquet at feugiat non pretium quis lectus suspendisse potenti in eleifend quam,30,29,n/a,39840 Bunting Circle,3-5 anos,Híbrido,Estágio,2023-03-27
76,30,Teacher,Teacher 23,vestibulum eget vulputate ut ultrices vel augue vestibulum ante ipsum primis in faucibus orci luctus et ultrices posuere cubilia curae,117,32,Industrial Machinery/Components,906 Hazelcrest Way,0-3 anos,Híbrido,Tempo inteiro,2022-12-16
77,18,Help Desk Technician,Help Desk Technician 82,proin risus praesent lectus vestibulum quam sapien varius ut blandit non interdum in ante vestibulum ante ipsum primis in faucibus,42,34,Real Estate Investment Trusts,92 Elka Court,10+ anos,Híbrido,Meia jornada,2023-08-29
78,14,Senior Sales Associate,Senior Sales Associate 90,neque libero convallis eget eleifend luctus ultricies eu nibh quisque id,84,32,n/a,8 Scoville Avenue,5-10 anos,Híbrido,Estágio,2022-12-15
79,24,Tax Accountant,Tax Accountant 1,vivamus in felis eu sapien cursus vestibulum proin eu mi,105,39,Major Pharmaceuticals,0 Aberg Plaza,5-10 anos,Híbrido,Meia jornada,2023-04-01
80,38,Developer I,Developer I 27,augue vestibulum ante ipsum primis in faucibus orci luctus et ultrices posuere cubilia curae donec pharetra magna vestibulum,23,39,Business Services,752 Golf Crossing,0 anos,Híbrido,Meia jornada,2023-05-31
81,9,Payment Adjustment Coordinator,Payment Adjustment Coordinator 82,vel augue vestibulum rutrum rutrum neque aenean auctor gravida sem praesent id massa id nisl venenatis lacinia aenean sit amet,45,38,Major Banks,65247 Mallory Court,5-10 anos,Híbrido,Meia jornada,2022-12-20
82,32,Geological Engineer,Geological Engineer 86,luctus ultricies eu nibh quisque id justo sit amet sapien dignissim vestibulum vestibulum ante ipsum primis in,95,28,Business Services,11 Elka Court,10+ anos,Presencial,Meia jornada,2023-07-03
83,46,Editor,Editor 1,lacus at turpis donec posuere metus vitae ipsum aliquam non mauris morbi non lectus aliquam sit,31,27,Auto Parts:O.E.M.,7322 Magdeline Plaza,0-3 anos,Presencial,Tempo inteiro,2023-06-17
84,2,Staff Scientist,Staff Scientist 61,pellentesque ultrices phasellus id sapien in sapien iaculis congue vivamus metus arcu adipiscing molestie hendrerit,71,38,Medical/Dental Instruments,8544 Forest Run Park,10+ anos,Híbrido,Estágio,2023-03-09
85,47,Systems Administrator IV,Systems Administrator IV 48,ac leo pellentesque ultrices mattis odio donec vitae nisi nam ultrices libero non,120,24,n/a,79031 Lighthouse Bay Road,0-3 anos,Híbrido,Tempo inteiro,2022-12-11
86,1,Desktop Support Technician,Desktop Support Technician 53,id ornare imperdiet sapien urna pretium nisl ut volutpat sapien arcu sed augue aliquam,98,26,n/a,2 Eastlawn Parkway,0 anos,Presencial,Estágio,2023-10-10
87,36,Accountant II,Accountant II 30,lacus morbi quis tortor id nulla ultrices aliquet maecenas leo odio condimentum,12,26,Biotechnology: Electromedical & Electrotherapeutic Apparatus,73 Golf Place,5-10 anos,Presencial,Meia jornada,2022-12-18
88,50,Teacher,Teacher 12,pede lobortis ligula sit amet eleifend pede libero quis orci nullam,67,32,n/a,0 Declaration Street,5-10 anos,Remoto,Estágio,2023-04-17
89,11,Executive Secretary,Executive Secretary 55,parturient montes nascetur ridiculus mus vivamus vestibulum sagittis sapien cum sociis natoque penatibus,83,22,Department/Specialty Retail Stores,1431 East Alley,0-3 anos,Remoto,Meia jornada,2023-08-28
90,17,Information Systems Manager,Information Systems Manager 37,dolor vel est donec odio justo sollicitudin ut suscipit a feugiat et eros vestibulum ac est lacinia,78,37,Major Banks,6426 New Castle Court,3-5 anos,Remoto,Estágio,2023-01-22
91,4,Geologist I,Geologist I 60,posuere nonummy integer non velit donec diam neque vestibulum eget vulputate ut ultrices vel augue vestibulum,74,37,Semiconductors,77381 Scoville Street,0-3 anos,Presencial,Tempo inteiro,2023-02-03
92,25,Help Desk Operator,Help Desk Operator 88,luctus et ultrices posuere cubilia curae duis faucibus accumsan odio curabitur convallis duis consequat dui nec nisi volutpat,106,28,n/a,71398 Graceland Pass,0-3 anos,Híbrido,Tempo inteiro,2023-06-29
93,43,Compensation Analyst,Compensation Analyst 8,volutpat sapien arcu sed augue aliquam erat volutpat in congue,65,29,Real Estate Investment Trusts,1404 Carioca Park,0-3 anos,Presencial,Meia jornada,2023-11-07
94,7,Desktop Support Technician,Desktop Support Technician 62,est lacinia nisi venenatis tristique fusce congue diam id ornare imperdiet sapien urna pretium nisl ut volutpat sapien arcu sed,56,37,EDP Services,35270 Delaware Way,10+ anos,Híbrido,Meia jornada,2022-12-25
95,13,Chemical Engineer,Chemical Engineer 44,libero nullam sit amet turpis elementum ligula vehicula consequat morbi a ipsum integer a nibh in quis justo,98,33,RETAIL: Building Materials,8132 Rockefeller Lane,5-10 anos,Presencial,Tempo inteiro,2023-06-17
96,45,Research Assistant IV,Research Assistant IV 91,accumsan felis ut at dolor quis odio consequat varius integer ac leo pellentesque ultrices mattis odio donec vitae nisi nam,46,31,Savings Institutions,02325 Chive Center,0 anos,Híbrido,Meia jornada,2023-06-26
97,12,Analyst Programmer,Analyst Programmer 24,augue a suscipit nulla elit ac nulla sed vel enim sit amet nunc viverra dapibus nulla suscipit ligula in lacus,58,31,Major Banks,44598 Arizona Center,3-5 anos,Presencial,Estágio,2023-01-19
98,3,Internal Auditor,Internal Auditor 75,in blandit ultrices enim lorem ipsum dolor sit amet consectetuer adipiscing elit,120,30,Broadcasting,90 Bluejay Plaza,10+ anos,Híbrido,Meia jornada,2023-04-22
99,20,Marketing Assistant,Marketing Assistant 17,quisque porta volutpat erat quisque erat eros viverra eget congue eget semper rutrum nulla nunc purus phasellus in felis donec,101,36,Oil & Gas Production,89468 Transport Lane,10+ anos,Presencial,Tempo inteiro,2023-05-31
100,15,Quality Engineer,Quality Engineer 44,quam turpis adipiscing lorem vitae mattis nibh ligula nec sem duis aliquam convallis nunc proin at,26,27,Major Banks,0 Gulseth Circle,0-3 anos,Presencial,Estágio,2023-09-18
101,19,Legal Assistant,Legal Assistant 24,curabitur gravida nisi at nibh in hac habitasse platea dictumst aliquam augue quam sollicitudin vitae consectetuer eget,59,25,Major Banks,9205 Tennessee Alley,0 anos,Híbrido,Meia jornada,2023-01-18
102,27,Human Resources Manager,Human Resources Manager 92,turpis enim blandit mi in porttitor pede justo eu massa donec dapibus duis at velit,28,39,Natural Gas Distribution,94 Mariners Cove Circle,3-5 anos,Presencial,Tempo inteiro,2022-12-25
103,33,Professor,Professor 18,lacinia aenean sit amet justo morbi ut odio cras mi pede malesuada in imperdiet et commodo vulputate,95,34,Industrial Machinery/Components,605 Lillian Avenue,10+ anos,Remoto,Estágio,2023-06-11
104,34,Social Worker,Social Worker 15,est donec odio justo sollicitudin ut suscipit a feugiat et eros,55,38,Precious Metals,79 Lighthouse Bay Pass,0-3 anos,Híbrido,Estágio,2023-02-23
105,6,Director of Sales,Director of Sales 15,lacinia sapien quis libero nullam sit amet turpis elementum ligula vehicula consequat morbi a,62,26,Electric Utilities: Central,9643 Corry Lane,0 anos,Presencial,Estágio,2023-10-11
106,20,Assistant Manager,Assistant Manager 30,accumsan tellus nisi eu orci mauris lacinia sapien quis libero nullam sit amet turpis elementum ligula vehicula consequat morbi a,23,21,Telecommunications Equipment,89468 Transport Lane,5-10 anos,Presencial,Estágio,2023-07-28
107,38,Associate Professor,Associate Professor 86,eget orci vehicula condimentum curabitur in libero ut massa volutpat convallis morbi odio odio elementum eu interdum eu,30,30,Major Pharmaceuticals,752 Golf Crossing,3-5 anos,Presencial,Estágio,2023-11-20
108,35,VP Product Management,VP Product Management 35,quis odio consequat varius integer ac leo pellentesque ultrices mattis odio,21,33,Food Chains,7544 Ruskin Road,3-5 anos,Presencial,Estágio,2023-09-09
109,12,Junior Executive,Junior Executive 84,felis sed interdum venenatis turpis enim blandit mi in porttitor,64,31,Multi-Sector Companies,44598 Arizona Center,10+ anos,Presencial,Estágio,2023-03-12
110,11,Nuclear Power Engineer,Nuclear Power Engineer 46,at vulputate vitae nisl aenean lectus pellentesque eget nunc donec quis orci eget orci vehicula condimentum curabitur in,97,36,Finance: Consumer Services,1431 East Alley,0 anos,Remoto,Tempo inteiro,2023-06-07
111,42,Geologist III,Geologist III 92,nulla ut erat id mauris vulputate elementum nullam varius nulla facilisi cras,71,40,n/a,38 Spaight Hill,10+ anos,Remoto,Estágio,2022-11-24
112,26,Editor,Editor 62,nisi volutpat eleifend donec ut dolor morbi vel lectus in quam,110,21,Electrical Products,8533 Bartelt Drive,5-10 anos,Presencial,Tempo inteiro,2023-08-30
113,47,Food Chemist,Food Chemist 67,elit ac nulla sed vel enim sit amet nunc viverra,113,36,n/a,79031 Lighthouse Bay Road,0 anos,Remoto,Estágio,2022-12-20
114,10,Editor,Editor 89,nisl venenatis lacinia aenean sit amet justo morbi ut odio cras mi pede malesuada,67,26,n/a,1 Fairview Way,5-10 anos,Híbrido,Meia jornada,2023-09-11
115,5,Engineer II,Engineer II 10,sit amet consectetuer adipiscing elit proin risus praesent lectus vestibulum quam sapien varius ut,122,36,Automotive Aftermarket,458 Elgar Terrace,0-3 anos,Remoto,Estágio,2022-12-05
116,17,Human Resources Manager,Human Resources Manager 94,habitasse platea dictumst aliquam augue quam sollicitudin vitae consectetuer eget rutrum,81,28,Major Pharmaceuticals,6426 New Castle Court,0-3 anos,Híbrido,Meia jornada,2023-03-18
117,39,Recruiter,Recruiter 75,sapien urna pretium nisl ut volutpat sapien arcu sed augue aliquam erat volutpat in,42,34,Other Consumer Services,7 Artisan Court,10+ anos,Presencial,Meia jornada,2022-12-01
118,25,Account Representative III,Account Representative III 94,nec sem duis aliquam convallis nunc proin at turpis a pede posuere nonummy integer non velit donec diam neque vestibulum,16,39,n/a,71398 Graceland Pass,0 anos,Híbrido,Estágio,2022-12-30
119,40,Chemical Engineer,Chemical Engineer 73,eget elit sodales scelerisque mauris sit amet eros suspendisse accumsan tortor quis turpis,83,25,Major Pharmaceuticals,10 Schmedeman Plaza,10+ anos,Híbrido,Meia jornada,2023-09-17
120,7,Account Coordinator,Account Coordinator 58,sollicitudin vitae consectetuer eget rutrum at lorem integer tincidunt ante vel ipsum,58,34,n/a,35270 Delaware Way,3-5 anos,Híbrido,Tempo inteiro,2023-09-30
121,8,Research Nurse,Research Nurse 6,vulputate ut ultrices vel augue vestibulum ante ipsum primis in faucibus orci luctus et,21,39,n/a,5872 Beilfuss Way,5-10 anos,Presencial,Tempo inteiro,2022-12-11
122,48,Financial Analyst,Financial Analyst 59,suspendisse accumsan tortor quis turpis sed ante vivamus tortor duis mattis egestas metus aenean fermentum donec ut mauris eget massa,73,31,Auto Manufacturing,23897 Columbus Place,0 anos,Presencial,Meia jornada,2023-01-26
123,50,Civil Engineer,Civil Engineer 34,ante ipsum primis in faucibus orci luctus et ultrices posuere cubilia curae mauris viverra diam vitae quam,117,22,Food Distributors,0 Declaration Street,10+ anos,Híbrido,Estágio,2023-02-08
124,18,Structural Analysis Engineer,Structural Analysis Engineer 19,ipsum aliquam non mauris morbi non lectus aliquam sit amet diam in magna bibendum imperdiet nullam orci pede venenatis,45,26,EDP Services,92 Elka Court,3-5 anos,Remoto,Meia jornada,2023-04-17
125,14,Account Representative II,Account Representative II 99,auctor gravida sem praesent id massa id nisl venenatis lacinia aenean sit amet,92,35,n/a,8 Scoville Avenue,0-3 anos,Presencial,Estágio,2023-02-27
126,30,Nuclear Power Engineer,Nuclear Power Engineer 72,dolor vel est donec odio justo sollicitudin ut suscipit a feugiat et eros vestibulum ac,74,30,Major Banks,906 Hazelcrest Way,0 anos,Híbrido,Estágio,2023-01-13
127,24,Occupational Therapist,Occupational Therapist 29,mauris vulputate elementum nullam varius nulla facilisi cras non velit nec,19,24,Computer Software: Prepackaged Software,0 Aberg Plaza,3-5 anos,Presencial,Meia jornada,2023-02-05
128,2,Editor,Editor 56,eu orci mauris lacinia sapien quis libero nullam sit amet turpis elementum ligula vehicula consequat morbi,104,30,n/a,8544 Forest Run Park,3-5 anos,Híbrido,Tempo inteiro,2023-10-26
129,45,Director of Sales,Director of Sales 37,in faucibus orci luctus et ultrices posuere cubilia curae nulla dapibus dolor vel est,28,30,Major Pharmaceuticals,02325 Chive Center,3-5 anos,Híbrido,Estágio,2023-03-20
130,41,Actuary,Actuary 68,tortor id nulla ultrices aliquet maecenas leo odio condimentum id luctus nec molestie sed justo pellentesque viverra pede,26,20,Packaged Foods,39840 Bunting Circle,10+ anos,Remoto,Tempo inteiro,2023-10-26
131,32,Marketing Manager,Marketing Manager 32,sit amet diam in magna bibendum imperdiet nullam orci pede venenatis non sodales sed,101,32,Industrial Machinery/Components,11 Elka Court,3-5 anos,Presencial,Estágio,2023-01-03
132,29,Project Manager,Project Manager 12,faucibus accumsan odio curabitur convallis duis consequat dui nec nisi volutpat eleifend,124,35,n/a,821 Golf Course Point,5-10 anos,Presencial,Tempo inteiro,2022-12-30
133,4,Operator,Operator 73,a nibh in quis justo maecenas rhoncus aliquam lacus morbi quis tortor id,68,23,Radio And Television Broadcasting And Communications Equipment,77381 Scoville Street,5-10 anos,Presencial,Tempo inteiro,2022-12-17
134,22,Nuclear Power Engineer,Nuclear Power Engineer 19,nisl aenean lectus pellentesque eget nunc donec quis orci eget orci vehicula condimentum curabitur in libero,23,27,n/a,3 Bay Plaza,10+ anos,Remoto,Estágio,2022-11-29
135,49,Marketing Assistant,Marketing Assistant 49,porta volutpat erat quisque erat eros viverra eget congue eget semper rutrum nulla nunc purus,86,33,n/a,9521 Huxley Court,3-5 anos,Remoto,Meia jornada,2023-06-12
136,13,Software Consultant,Software Consultant 21,mi integer ac neque duis bibendum morbi non quam nec dui luctus rutrum nulla tellus in,107,31,Auto Manufacturing,8132 Rockefeller Lane,0-3 anos,Híbrido,Meia jornada,2023-10-26
137,31,Graphic Designer,Graphic Designer 80,nulla ac enim in tempor turpis nec euismod scelerisque quam turpis adipiscing lorem vitae mattis nibh,66,37,Trucking Freight/Courier Services,2 Carberry Plaza,5-10 anos,Remoto,Meia jornada,2023-03-11
138,1,Junior Executive,Junior Executive 53,placerat praesent blandit nam nulla integer pede justo lacinia eget tincidunt eget tempus vel pede morbi porttitor lorem id ligula,57,24,Property-Casualty Insurers,2 Eastlawn Parkway,10+ anos,Remoto,Meia jornada,2023-09-25
139,21,Chemical Engineer,Chemical Engineer 5,primis in faucibus orci luctus et ultrices posuere cubilia curae mauris viverra diam vitae,87,33,n/a,60016 Anzinger Plaza,5-10 anos,Híbrido,Tempo inteiro,2023-03-31
140,44,Sales Associate,Sales Associate 85,nisl nunc rhoncus dui vel sem sed sagittis nam congue risus semper porta volutpat quam pede lobortis,77,21,Industrial Specialties,80975 Del Mar Pass,0 anos,Híbrido,Tempo inteiro,2023-02-26
141,36,Staff Accountant IV,Staff Accountant IV 77,consequat dui nec nisi volutpat eleifend donec ut dolor morbi,124,29,Savings Institutions,73 Golf Place,0 anos,Híbrido,Tempo inteiro,2023-04-22
142,3,Human Resources Manager,Human Resources Manager 11,adipiscing elit proin interdum mauris non ligula pellentesque ultrices phasellus id sapien,125,36,Building Materials,90 Bluejay Plaza,3-5 anos,Presencial,Meia jornada,2023-11-01
143,46,Health Coach III,Health Coach III 96,amet eleifend pede libero quis orci nullam molestie nibh in lectus pellentesque at nulla suspendisse,50,24,n/a,7322 Magdeline Plaza,10+ anos,Remoto,Meia jornada,2023-04-25
144,9,Senior Sales Associate,Senior Sales Associate 79,diam neque vestibulum eget vulputate ut ultrices vel augue vestibulum ante ipsum primis in faucibus,16,26,n/a,65247 Mallory Court,0-3 anos,Presencial,Tempo inteiro,2023-06-17
145,43,Actuary,Actuary 51,vulputate elementum nullam varius nulla facilisi cras non velit nec nisi vulputate,103,31,Savings Institutions,1404 Carioca Park,10+ anos,Híbrido,Estágio,2023-04-15
146,37,Systems Administrator I,Systems Administrator I 14,justo etiam pretium iaculis justo in hac habitasse platea dictumst etiam faucibus cursus urna ut tellus nulla,14,22,Restaurants,128 Goodland Lane,10+ anos,Presencial,Tempo inteiro,2023-06-04
147,15,Assistant Manager,Assistant Manager 46,tincidunt in leo maecenas pulvinar lobortis est phasellus sit amet,52,29,Computer Software: Prepackaged Software,0 Gulseth Circle,0-3 anos,Remoto,Tempo inteiro,2023-03-30
148,16,VP Product Management,VP Product Management 59,nulla justo aliquam quis turpis eget elit sodales scelerisque mauris sit amet eros suspendisse accumsan tortor quis,106,24,Business Services,63077 Grasskamp Lane,0 anos,Remoto,Estágio,2023-05-18
149,28,Product Engineer,Product Engineer 86,molestie lorem quisque ut erat curabitur gravida nisi at nibh in,102,25,Real Estate,721 Morrow Court,0-3 anos,Remoto,Estágio,2023-10-01
150,23,Mechanical Systems Engineer,Mechanical Systems Engineer 22,nunc commodo placerat praesent blandit nam nulla integer pede justo lacinia eget tincidunt eget tempus vel pede morbi,79,38,Finance/Investors Services,8 Moulton Circle,5-10 anos,Remoto,Meia jornada,2023-03-28
151,31,Senior Developer,Senior Developer 51,mauris morbi non lectus aliquam sit amet diam in magna bibendum imperdiet,90,34,n/a,2 Carberry Plaza,10+ anos,Híbrido,Tempo inteiro,2023-06-22
152,23,Physical Therapy Assistant,Physical Therapy Assistant 47,amet eros suspendisse accumsan tortor quis turpis sed ante vivamus tortor duis mattis egestas metus aenean fermentum,123,30,Beverages (Production/Distribution),8 Moulton Circle,0 anos,Remoto,Meia jornada,2023-09-13
153,25,Electrical Engineer,Electrical Engineer 41,mus vivamus vestibulum sagittis sapien cum sociis natoque penatibus et magnis dis parturient,34,23,Finance: Consumer Services,71398 Graceland Pass,0-3 anos,Remoto,Estágio,2023-07-01
154,18,Nurse,Nurse 4,est phasellus sit amet erat nulla tempus vivamus in felis eu sapien cursus vestibulum proin,70,26,n/a,92 Elka Court,5-10 anos,Remoto,Tempo inteiro,2023-11-18
155,10,Recruiter,Recruiter 70,massa id nisl venenatis lacinia aenean sit amet justo morbi ut odio cras mi pede malesuada in imperdiet,77,28,EDP Services,1 Fairview Way,0 anos,Híbrido,Tempo inteiro,2023-10-06
156,6,Analyst Programmer,Analyst Programmer 74,imperdiet sapien urna pretium nisl ut volutpat sapien arcu sed augue,80,36,Major Banks,9643 Corry Lane,0-3 anos,Remoto,Meia jornada,2023-07-30
157,7,Compensation Analyst,Compensation Analyst 21,luctus et ultrices posuere cubilia curae nulla dapibus dolor vel est donec odio justo sollicitudin ut suscipit a,37,29,n/a,35270 Delaware Way,0-3 anos,Remoto,Meia jornada,2023-11-20
158,27,VP Quality Control,VP Quality Control 60,id nulla ultrices aliquet maecenas leo odio condimentum id luctus nec,11,38,Other Specialty Stores,94 Mariners Cove Circle,10+ anos,Híbrido,Meia jornada,2023-04-07
159,47,Dental Hygienist,Dental Hygienist 73,morbi quis tortor id nulla ultrices aliquet maecenas leo odio condimentum id luctus nec molestie sed justo pellentesque viverra pede,5,33,n/a,79031 Lighthouse Bay Road,10+ anos,Híbrido,Estágio,2023-07-30
160,40,Editor,Editor 99,pede posuere nonummy integer non velit donec diam neque vestibulum,66,31,Business Services,10 Schmedeman Plaza,0 anos,Remoto,Meia jornada,2023-08-25
161,1,Help Desk Technician,Help Desk Technician 62,tempus semper est quam pharetra magna ac consequat metus sapien ut nunc vestibulum ante ipsum,113,37,Oil Refining/Marketing,2 Eastlawn Parkway,10+ anos,Presencial,Meia jornada,2023-10-21
162,2,Nurse,Nurse 91,ac neque duis bibendum morbi non quam nec dui luctus rutrum nulla tellus,81,24,Other Consumer Services,8544 Forest Run Park,0 anos,Presencial,Meia jornada,2023-08-31
163,32,Research Assistant II,Research Assistant II 14,ultrices aliquet maecenas leo odio condimentum id luctus nec molestie sed justo pellentesque viverra pede ac,28,29,Industrial Machinery/Components,11 Elka Court,0-3 anos,Híbrido,Meia jornada,2023-07-13
164,12,Software Test Engineer I,Software Test Engineer I 43,elit ac nulla sed vel enim sit amet nunc viverra dapibus,23,27,Air Freight/Delivery Services,44598 Arizona Center,0-3 anos,Remoto,Tempo inteiro,2023-08-24
165,43,Computer Systems Analyst II,Computer Systems Analyst II 17,platea dictumst maecenas ut massa quis augue luctus tincidunt nulla mollis molestie lorem quisque ut erat curabitur gravida nisi,99,27,Water Supply,1404 Carioca Park,0 anos,Híbrido,Estágio,2023-07-13
166,24,Human Resources Manager,Human Resources Manager 79,morbi porttitor lorem id ligula suspendisse ornare consequat lectus in est risus auctor sed tristique in tempus sit,120,34,n/a,0 Aberg Plaza,10+ anos,Híbrido,Meia jornada,2023-02-19
167,29,Registered Nurse,Registered Nurse 43,sapien placerat ante nulla justo aliquam quis turpis eget elit sodales scelerisque mauris sit amet eros suspendisse accumsan tortor,81,30,Savings Institutions,821 Golf Course Point,0 anos,Presencial,Tempo inteiro,2023-06-05
168,22,Quality Engineer,Quality Engineer 84,sed ante vivamus tortor duis mattis egestas metus aenean fermentum donec ut mauris eget,30,25,n/a,3 Bay Plaza,0 anos,Híbrido,Meia jornada,2022-11-23
169,26,Chief Design Engineer,Chief Design Engineer 21,consectetuer adipiscing elit proin risus praesent lectus vestibulum quam sapien varius ut,18,30,Industrial Machinery/Components,8533 Bartelt Drive,3-5 anos,Híbrido,Meia jornada,2023-02-01
170,11,Safety Technician IV,Safety Technician IV 9,eget vulputate ut ultrices vel augue vestibulum ante ipsum primis in faucibus orci luctus,24,35,n/a,1431 East Alley,5-10 anos,Presencial,Tempo inteiro,2023-05-29
171,38,Administrative Officer,Administrative Officer 73,orci luctus et ultrices posuere cubilia curae duis faucibus accumsan odio curabitur convallis duis consequat dui nec nisi volutpat,61,33,n/a,752 Golf Crossing,3-5 anos,Híbrido,Estágio,2023-01-30
172,16,Systems Administrator I,Systems Administrator I 83,ultrices vel augue vestibulum ante ipsum primis in faucibus orci,71,28,Oil & Gas Production,63077 Grasskamp Lane,10+ anos,Presencial,Tempo inteiro,2023-03-02
173,13,Chemical Engineer,Chemical Engineer 93,tristique fusce congue diam id ornare imperdiet sapien urna pretium nisl ut volutpat,77,33,Oil Refining/Marketing,8132 Rockefeller Lane,0 anos,Híbrido,Estágio,2023-04-09
174,28,Teacher,Teacher 39,mi integer ac neque duis bibendum morbi non quam nec dui luctus rutrum,44,29,Computer peripheral equipment,721 Morrow Court,0 anos,Remoto,Estágio,2023-05-07
175,44,VP Accounting,VP Accounting 100,porta volutpat erat quisque erat eros viverra eget congue eget semper rutrum,87,36,Major Pharmaceuticals,80975 Del Mar Pass,5-10 anos,Presencial,Estágio,2023-01-23
176,14,Web Designer I,Web Designer I 7,molestie lorem quisque ut erat curabitur gravida nisi at nibh in hac habitasse platea dictumst aliquam augue quam,38,28,Home Furnishings,8 Scoville Avenue,3-5 anos,Híbrido,Meia jornada,2023-07-20
177,3,Analog Circuit Design manager,Analog Circuit Design manager 84,ridiculus mus vivamus vestibulum sagittis sapien cum sociis natoque penatibus et magnis dis parturient montes nascetur ridiculus mus etiam,77,20,n/a,90 Bluejay Plaza,10+ anos,Remoto,Estágio,2022-11-28
178,49,Tax Accountant,Tax Accountant 56,interdum venenatis turpis enim blandit mi in porttitor pede justo eu,123,29,Telecommunications Equipment,9521 Huxley Court,0 anos,Híbrido,Meia jornada,2023-08-01
179,37,Administrative Officer,Administrative Officer 43,ultrices posuere cubilia curae donec pharetra magna vestibulum aliquet ultrices erat tortor sollicitudin mi,25,38,Miscellaneous manufacturing industries,128 Goodland Lane,10+ anos,Presencial,Meia jornada,2023-05-12
180,19,Internal Auditor,Internal Auditor 61,ipsum primis in faucibus orci luctus et ultrices posuere cubilia curae mauris viverra diam vitae,116,26,Telecommunications Equipment,9205 Tennessee Alley,5-10 anos,Híbrido,Meia jornada,2023-06-18
181,15,Safety Technician III,Safety Technician III 38,magna ac consequat metus sapien ut nunc vestibulum ante ipsum primis in faucibus orci luctus et ultrices posuere,26,39,Investment Managers,0 Gulseth Circle,0-3 anos,Remoto,Meia jornada,2023-09-02
182,34,Dental Hygienist,Dental Hygienist 6,ut rhoncus aliquet pulvinar sed nisl nunc rhoncus dui vel sem sed sagittis nam congue risus semper porta,77,31,n/a,79 Lighthouse Bay Pass,5-10 anos,Híbrido,Tempo inteiro,2023-02-23
183,45,Human Resources Assistant III,Human Resources Assistant III 96,nisi eu orci mauris lacinia sapien quis libero nullam sit amet turpis,77,25,Real Estate Investment Trusts,02325 Chive Center,0-3 anos,Remoto,Meia jornada,2023-10-07
184,9,Data Coordiator,Data Coordiator 2,orci luctus et ultrices posuere cubilia curae duis faucibus accumsan odio curabitur convallis duis consequat dui nec nisi,50,39,Major Chemicals,65247 Mallory Court,0-3 anos,Presencial,Tempo inteiro,2023-10-02
185,48,VP Product Management,VP Product Management 39,velit nec nisi vulputate nonummy maecenas tincidunt lacus at velit vivamus vel nulla eget eros elementum pellentesque quisque porta volutpat,64,21,n/a,23897 Columbus Place,10+ anos,Híbrido,Meia jornada,2023-09-13
186,36,Dental Hygienist,Dental Hygienist 79,fusce lacus purus aliquet at feugiat non pretium quis lectus suspendisse,96,28,n/a,73 Golf Place,3-5 anos,Remoto,Estágio,2023-07-08
187,50,Social Worker,Social Worker 39,mauris sit amet eros suspendisse accumsan tortor quis turpis sed ante vivamus tortor duis,103,39,n/a,0 Declaration Street,0-3 anos,Presencial,Tempo inteiro,2023-02-26
188,42,Internal Auditor,Internal Auditor 15,purus eu magna vulputate luctus cum sociis natoque penatibus et magnis,69,32,Medical Specialities,38 Spaight Hill,10+ anos,Presencial,Meia jornada,2023-10-14
189,21,Senior Editor,Senior Editor 61,semper est quam pharetra magna ac consequat metus sapien ut nunc vestibulum ante ipsum primis in faucibus orci,76,36,Major Banks,60016 Anzinger Plaza,0 anos,Híbrido,Meia jornada,2023-03-11
190,35,Dental Hygienist,Dental Hygienist 55,donec odio justo sollicitudin ut suscipit a feugiat et eros vestibulum ac est lacinia nisi venenatis tristique fusce congue diam,19,20,Other Consumer Services,7544 Ruskin Road,10+ anos,Presencial,Estágio,2023-03-21
191,4,Paralegal,Paralegal 20,et eros vestibulum ac est lacinia nisi venenatis tristique fusce congue,103,38,Real Estate Investment Trusts,77381 Scoville Street,10+ anos,Remoto,Estágio,2023-04-09
192,20,Marketing Manager,Marketing Manager 55,fusce congue diam id ornare imperdiet sapien urna pretium nisl ut,122,38,n/a,89468 Transport Lane,10+ anos,Híbrido,Tempo inteiro,2022-12-16
193,30,Graphic Designer,Graphic Designer 27,morbi a ipsum integer a nibh in quis justo maecenas rhoncus,7,34,Other Consumer Services,906 Hazelcrest Way,10+ anos,Remoto,Tempo inteiro,2023-04-13
194,5,Statistician III,Statistician III 60,id ornare imperdiet sapien urna pretium nisl ut volutpat sapien arcu sed,72,27,Oil & Gas Production,458 Elgar Terrace,3-5 anos,Presencial,Tempo inteiro,2023-02-22
195,8,Computer Systems Analyst III,Computer Systems Analyst III 36,sapien iaculis congue vivamus metus arcu adipiscing molestie hendrerit at vulputate vitae nisl aenean lectus pellentesque eget,45,38,Property-Casualty Insurers,5872 Beilfuss Way,5-10 anos,Híbrido,Meia jornada,2023-10-31
196,33,Physical Therapy Assistant,Physical Therapy Assistant 66,leo pellentesque ultrices mattis odio donec vitae nisi nam ultrices libero non mattis pulvinar nulla pede ullamcorper augue a,44,24,Water Supply,605 Lillian Avenue,10+ anos,Presencial,Estágio,2023-06-30
197,46,Chief Design Engineer,Chief Design Engineer 43,leo odio condimentum id luctus nec molestie sed justo pellentesque viverra pede ac diam cras pellentesque volutpat dui,124,30,Marine Transportation,7322 Magdeline Plaza,0 anos,Presencial,Meia jornada,2023-05-23
198,41,Project Manager,Project Manager 66,suscipit nulla elit ac nulla sed vel enim sit amet nunc viverra dapibus nulla suscipit ligula in lacus curabitur,118,35,Business Services,39840 Bunting Circle,5-10 anos,Remoto,Estágio,2023-09-06
199,39,Marketing Assistant,Marketing Assistant 82,a pede posuere nonummy integer non velit donec diam neque vestibulum eget vulputate ut ultrices vel,87,37,Television Services,7 Artisan Court,0-3 anos,Híbrido,Meia jornada,2023-02-05
200,17,Senior Sales Associate,Senior Sales Associate 14,eros vestibulum ac est lacinia nisi venenatis tristique fusce congue diam id ornare,62,22,Military/Government/Technical,6426 New Castle Court,0 anos,Remoto,Tempo inteiro,2023-04-18
201,36,Legal Assistant,Legal Assistant 91,enim in tempor turpis nec euismod scelerisque quam turpis adipiscing lorem vitae mattis nibh ligula nec sem,39,31,Major Chemicals,73 Golf Place,5-10 anos,Híbrido,Estágio,2023-11-14
202,16,Environmental Tech,Environmental Tech 23,augue luctus tincidunt nulla mollis molestie lorem quisque ut erat curabitur gravida nisi at nibh in hac habitasse platea dictumst,66,32,Retail: Computer Software & Peripheral Equipment,63077 Grasskamp Lane,0 anos,Presencial,Meia jornada,2023-01-04
203,6,Registered Nurse,Registered Nurse 44,mattis nibh ligula nec sem duis aliquam convallis nunc proin at turpis a pede posuere nonummy integer non,69,25,Forest Products,9643 Corry Lane,3-5 anos,Híbrido,Tempo inteiro,2023-02-19
204,24,Tax Accountant,Tax Accountant 11,est lacinia nisi venenatis tristique fusce congue diam id ornare imperdiet,32,36,n/a,0 Aberg Plaza,0 anos,Remoto,Tempo inteiro,2023-11-17
205,29,Chief Design Engineer,Chief Design Engineer 69,curabitur gravida nisi at nibh in hac habitasse platea dictumst aliquam augue quam sollicitudin vitae consectetuer eget rutrum at lorem,76,22,Auto Parts:O.E.M.,821 Golf Course Point,5-10 anos,Híbrido,Tempo inteiro,2023-01-20
206,1,Geologist II,Geologist II 64,urna ut tellus nulla ut erat id mauris vulputate elementum nullam varius nulla facilisi cras non,10,31,Major Pharmaceuticals,2 Eastlawn Parkway,0-3 anos,Híbrido,Meia jornada,2023-08-29
207,41,Nuclear Power Engineer,Nuclear Power Engineer 46,quam fringilla rhoncus mauris enim leo rhoncus sed vestibulum sit amet cursus id turpis,96,28,Oil & Gas Production,39840 Bunting Circle,0-3 anos,Remoto,Meia jornada,2023-04-28
208,3,Environmental Tech,Environmental Tech 73,ligula sit amet eleifend pede libero quis orci nullam molestie nibh in lectus pellentesque at,122,26,EDP Services,90 Bluejay Plaza,0-3 anos,Remoto,Estágio,2023-08-26
209,43,Office Assistant I,Office Assistant I 45,est quam pharetra magna ac consequat metus sapien ut nunc vestibulum ante ipsum primis in faucibus,51,38,EDP Services,1404 Carioca Park,0 anos,Remoto,Estágio,2023-04-10
210,27,Software Consultant,Software Consultant 98,mauris ullamcorper purus sit amet nulla quisque arcu libero rutrum ac lobortis vel dapibus at diam,79,32,EDP Services,94 Mariners Cove Circle,0-3 anos,Presencial,Tempo inteiro,2022-12-25
211,4,Senior Editor,Senior Editor 75,praesent id massa id nisl venenatis lacinia aenean sit amet justo morbi ut odio cras mi,44,33,n/a,77381 Scoville Street,0-3 anos,Híbrido,Meia jornada,2023-11-06
212,23,Data Coordiator,Data Coordiator 57,phasellus id sapien in sapien iaculis congue vivamus metus arcu adipiscing molestie hendrerit at vulputate vitae nisl,94,36,Other Specialty Stores,8 Moulton Circle,0 anos,Híbrido,Tempo inteiro,2023-04-14
213,9,Product Engineer,Product Engineer 85,consequat morbi a ipsum integer a nibh in quis justo maecenas rhoncus aliquam lacus morbi quis tortor id nulla ultrices,78,34,Property-Casualty Insurers,65247 Mallory Court,10+ anos,Híbrido,Estágio,2023-10-23
214,25,Teacher,Teacher 69,morbi ut odio cras mi pede malesuada in imperdiet et commodo vulputate justo in blandit ultrices enim,20,31,Property-Casualty Insurers,71398 Graceland Pass,0 anos,Híbrido,Tempo inteiro,2023-06-17
215,13,Account Coordinator,Account Coordinator 16,ipsum integer a nibh in quis justo maecenas rhoncus aliquam lacus morbi,51,33,Coal Mining,8132 Rockefeller Lane,3-5 anos,Presencial,Tempo inteiro,2023-08-22
216,48,Analyst Programmer,Analyst Programmer 32,vestibulum sed magna at nunc commodo placerat praesent blandit nam nulla integer pede justo lacinia eget tincidunt,64,39,Oilfield Services/Equipment,23897 Columbus Place,10+ anos,Híbrido,Estágio,2023-05-18
217,11,Nuclear Power Engineer,Nuclear Power Engineer 99,orci pede venenatis non sodales sed tincidunt eu felis fusce posuere felis sed lacus morbi sem mauris laoreet,35,37,Business Services,1431 East Alley,10+ anos,Híbrido,Estágio,2023-05-18
218,19,Nuclear Power Engineer,Nuclear Power Engineer 57,eu sapien cursus vestibulum proin eu mi nulla ac enim in tempor turpis nec euismod scelerisque quam turpis adipiscing,42,37,Property-Casualty Insurers,9205 Tennessee Alley,0 anos,Híbrido,Estágio,2023-07-26
219,49,Staff Accountant IV,Staff Accountant IV 77,et ultrices posuere cubilia curae mauris viverra diam vitae quam suspendisse potenti nullam porttitor lacus,86,38,Package Goods/Cosmetics,9521 Huxley Court,0 anos,Remoto,Meia jornada,2023-08-05
220,22,Design Engineer,Design Engineer 37,nibh ligula nec sem duis aliquam convallis nunc proin at turpis a pede,40,32,Homebuilding,3 Bay Plaza,0 anos,Híbrido,Tempo inteiro,2023-09-23
221,33,VP Sales,VP Sales 8,cubilia curae mauris viverra diam vitae quam suspendisse potenti nullam porttitor lacus at turpis donec,43,37,n/a,605 Lillian Avenue,10+ anos,Remoto,Meia jornada,2023-04-24
222,12,Physical Therapy Assistant,Physical Therapy Assistant 47,nisi at nibh in hac habitasse platea dictumst aliquam augue quam sollicitudin vitae consectetuer eget rutrum,64,37,n/a,44598 Arizona Center,5-10 anos,Remoto,Estágio,2023-11-20
223,20,Senior Financial Analyst,Senior Financial Analyst 5,ut mauris eget massa tempor convallis nulla neque libero convallis eget eleifend luctus ultricies eu nibh quisque id,13,29,Computer Software: Prepackaged Software,89468 Transport Lane,3-5 anos,Presencial,Meia jornada,2023-02-22
224,31,Technical Writer,Technical Writer 64,interdum eu tincidunt in leo maecenas pulvinar lobortis est phasellus sit,78,33,Major Banks,2 Carberry Plaza,0 anos,Remoto,Estágio,2023-05-05
225,37,Budget/Accounting Analyst III,Budget/Accounting Analyst III 72,pede libero quis orci nullam molestie nibh in lectus pellentesque at nulla suspendisse,66,26,Major Banks,128 Goodland Lane,3-5 anos,Remoto,Tempo inteiro,2023-08-12
226,18,Accountant I,Accountant I 71,quis lectus suspendisse potenti in eleifend quam a odio in hac habitasse platea dictumst maecenas ut massa quis augue luctus,17,25,Advertising,92 Elka Court,3-5 anos,Remoto,Estágio,2023-04-15
227,26,VP Quality Control,VP Quality Control 51,libero quis orci nullam molestie nibh in lectus pellentesque at,40,20,Auto Parts:O.E.M.,8533 Bartelt Drive,5-10 anos,Híbrido,Meia jornada,2023-06-23
228,46,Analog Circuit Design manager,Analog Circuit Design manager 85,blandit ultrices enim lorem ipsum dolor sit amet consectetuer adipiscing elit proin interdum mauris non ligula pellentesque,68,38,n/a,7322 Magdeline Plaza,0-3 anos,Remoto,Tempo inteiro,2023-11-15
229,21,Structural Analysis Engineer,Structural Analysis Engineer 75,eleifend pede libero quis orci nullam molestie nibh in lectus,114,30,Other Consumer Services,60016 Anzinger Plaza,10+ anos,Remoto,Tempo inteiro,2022-11-23
230,34,Computer Systems Analyst II,Computer Systems Analyst II 24,consequat lectus in est risus auctor sed tristique in tempus sit amet sem fusce consequat,95,37,Restaurants,79 Lighthouse Bay Pass,5-10 anos,Remoto,Meia jornada,2023-07-01
231,47,Accounting Assistant IV,Accounting Assistant IV 78,pretium iaculis diam erat fermentum justo nec condimentum neque sapien placerat ante,80,40,Paper,79031 Lighthouse Bay Road,10+ anos,Presencial,Estágio,2023-01-06
232,7,Human Resources Assistant I,Human Resources Assistant I 51,ac lobortis vel dapibus at diam nam tristique tortor eu pede,88,22,Biotechnology: Biological Products (No Diagnostic Substances),35270 Delaware Way,3-5 anos,Presencial,Meia jornada,2023-11-02
233,2,Executive Secretary,Executive Secretary 60,a suscipit nulla elit ac nulla sed vel enim sit amet nunc viverra dapibus nulla,123,25,Telecommunications Equipment,8544 Forest Run Park,10+ anos,Presencial,Tempo inteiro,2023-11-01
234,50,Senior Developer,Senior Developer 2,ut nunc vestibulum ante ipsum primis in faucibus orci luctus et ultrices posuere cubilia curae,65,23,Real Estate Investment Trusts,0 Declaration Street,5-10 anos,Presencial,Meia jornada,2023-06-02
235,28,Staff Accountant II,Staff Accountant II 41,dolor quis odio consequat varius integer ac leo pellentesque ultrices mattis odio donec vitae,71,20,Medical/Dental Instruments,721 Morrow Court,10+ anos,Remoto,Meia jornada,2023-02-10
236,40,Legal Assistant,Legal Assistant 40,pretium iaculis justo in hac habitasse platea dictumst etiam faucibus cursus urna ut tellus nulla ut erat,19,22,Major Chemicals,10 Schmedeman Plaza,0-3 anos,Híbrido,Tempo inteiro,2023-08-24
237,45,Geologist II,Geologist II 26,potenti cras in purus eu magna vulputate luctus cum sociis natoque,17,30,Business Services,02325 Chive Center,0-3 anos,Remoto,Estágio,2023-10-23
238,32,Food Chemist,Food Chemist 26,molestie lorem quisque ut erat curabitur gravida nisi at nibh in hac habitasse platea dictumst aliquam augue quam sollicitudin vitae,94,40,Medical Specialities,11 Elka Court,0 anos,Presencial,Meia jornada,2023-05-13
239,42,Administrative Officer,Administrative Officer 7,nulla neque libero convallis eget eleifend luctus ultricies eu nibh quisque id justo sit,9,30,Auto Parts:O.E.M.,38 Spaight Hill,3-5 anos,Híbrido,Tempo inteiro,2023-10-16
240,30,VP Accounting,VP Accounting 85,pretium quis lectus suspendisse potenti in eleifend quam a odio in hac habitasse platea dictumst maecenas ut massa quis,60,35,Marine Transportation,906 Hazelcrest Way,3-5 anos,Presencial,Meia jornada,2023-09-26
241,39,Nuclear Power Engineer,Nuclear Power Engineer 66,vulputate luctus cum sociis natoque penatibus et magnis dis parturient montes nascetur ridiculus mus,99,37,Real Estate Investment Trusts,7 Artisan Court,0 anos,Remoto,Estágio,2023-09-18
242,8,Senior Sales Associate,Senior Sales Associate 23,tempor convallis nulla neque libero convallis eget eleifend luctus ultricies eu nibh quisque,66,23,Savings Institutions,5872 Beilfuss Way,5-10 anos,Presencial,Tempo inteiro,2023-06-15
243,15,Account Executive,Account Executive 83,etiam faucibus cursus urna ut tellus nulla ut erat id mauris vulputate elementum,94,28,Other Specialty Stores,0 Gulseth Circle,3-5 anos,Remoto,Meia jornada,2023-08-03
244,5,Human Resources Assistant III,Human Resources Assistant III 7,vestibulum eget vulputate ut ultrices vel augue vestibulum ante ipsum primis in faucibus orci luctus et ultrices,24,27,n/a,458 Elgar Terrace,3-5 anos,Remoto,Estágio,2023-08-12
245,10,Human Resources Assistant IV,Human Resources Assistant IV 3,lacus curabitur at ipsum ac tellus semper interdum mauris ullamcorper,44,38,Major Banks,1 Fairview Way,10+ anos,Presencial,Tempo inteiro,2023-02-08
246,35,Financial Advisor,Financial Advisor 75,sed justo pellentesque viverra pede ac diam cras pellentesque volutpat dui maecenas tristique est et tempus semper est quam pharetra,44,22,Real Estate Investment Trusts,7544 Ruskin Road,0 anos,Remoto,Meia jornada,2023-05-05
247,44,Web Designer II,Web Designer II 82,praesent blandit lacinia erat vestibulum sed magna at nunc commodo placerat praesent blandit nam nulla integer pede,27,31,Environmental Services,80975 Del Mar Pass,0-3 anos,Remoto,Estágio,2023-07-17
248,17,Software Consultant,Software Consultant 9,lacus at velit vivamus vel nulla eget eros elementum pellentesque quisque porta volutpat erat quisque erat eros viverra,124,40,Savings Institutions,6426 New Castle Court,0-3 anos,Presencial,Estágio,2022-11-24
249,38,Accountant III,Accountant III 54,vel enim sit amet nunc viverra dapibus nulla suscipit ligula in lacus curabitur,67,31,Major Pharmaceuticals,752 Golf Crossing,0 anos,Remoto,Meia jornada,2023-05-13
250,14,Accounting Assistant I,Accounting Assistant I 41,libero non mattis pulvinar nulla pede ullamcorper augue a suscipit nulla elit ac nulla sed vel enim,79,39,n/a,8 Scoville Avenue,5-10 anos,Remoto,Tempo inteiro,2023-01-23
251,11,Recruiter,Recruiter 32,augue vestibulum rutrum rutrum neque aenean auctor gravida sem praesent id massa id nisl venenatis,108,38,Metal Fabrications,1431 East Alley,0 anos,Remoto,Tempo inteiro,2023-05-21
252,41,Safety Technician I,Safety Technician I 82,diam cras pellentesque volutpat dui maecenas tristique est et tempus semper,99,28,n/a,39840 Bunting Circle,3-5 anos,Híbrido,Estágio,2023-01-28
253,15,Occupational Therapist,Occupational Therapist 33,mattis nibh ligula nec sem duis aliquam convallis nunc proin at,69,40,Biotechnology: Biological Products (No Diagnostic Substances),0 Gulseth Circle,0-3 anos,Presencial,Estágio,2022-12-06
254,27,Mechanical Systems Engineer,Mechanical Systems Engineer 31,mauris vulputate elementum nullam varius nulla facilisi cras non velit nec nisi vulputate nonummy,57,37,Industrial Machinery/Components,94 Mariners Cove Circle,10+ anos,Remoto,Estágio,2023-11-06
255,36,Account Executive,Account Executive 4,aenean fermentum donec ut mauris eget massa tempor convallis nulla neque libero convallis eget eleifend luctus ultricies eu nibh quisque,24,37,Home Furnishings,73 Golf Place,0 anos,Híbrido,Tempo inteiro,2023-09-02
256,44,Chief Design Engineer,Chief Design Engineer 14,nullam orci pede venenatis non sodales sed tincidunt eu felis fusce posuere felis sed lacus morbi sem,62,32,n/a,80975 Del Mar Pass,3-5 anos,Híbrido,Tempo inteiro,2023-07-04
257,17,Assistant Professor,Assistant Professor 42,vulputate ut ultrices vel augue vestibulum ante ipsum primis in faucibus orci luctus et ultrices posuere cubilia curae donec,111,39,Specialty Foods,6426 New Castle Court,5-10 anos,Híbrido,Tempo inteiro,2023-09-25
258,34,Research Nurse,Research Nurse 63,semper porta volutpat quam pede lobortis ligula sit amet eleifend pede,24,39,EDP Services,79 Lighthouse Bay Pass,3-5 anos,Remoto,Tempo inteiro,2023-02-26
259,28,Chief Design Engineer,Chief Design Engineer 9,felis sed lacus morbi sem mauris laoreet ut rhoncus aliquet pulvinar sed nisl nunc rhoncus dui,118,30,n/a,721 Morrow Court,10+ anos,Remoto,Tempo inteiro,2023-09-14
260,7,Account Executive,Account Executive 31,curae mauris viverra diam vitae quam suspendisse potenti nullam porttitor lacus at turpis donec posuere metus vitae ipsum aliquam,28,28,Oil & Gas Production,35270 Delaware Way,0-3 anos,Remoto,Meia jornada,2023-10-27
261,9,Nuclear Power Engineer,Nuclear Power Engineer 19,purus phasellus in felis donec semper sapien a libero nam dui proin leo odio porttitor id consequat in,71,32,Computer Manufacturing,65247 Mallory Court,0 anos,Remoto,Estágio,2023-03-26
262,25,General Manager,General Manager 46,maecenas pulvinar lobortis est phasellus sit amet erat nulla tempus vivamus in felis eu sapien,95,38,Multi-Sector Companies,71398 Graceland Pass,5-10 anos,Remoto,Estágio,2023-11-10
263,24,Actuary,Actuary 39,ut odio cras mi pede malesuada in imperdiet et commodo vulputate justo in blandit ultrices,24,24,Industrial Machinery/Components,0 Aberg Plaza,10+ anos,Híbrido,Meia jornada,2023-11-06
264,12,Help Desk Operator,Help Desk Operator 59,consequat morbi a ipsum integer a nibh in quis justo maecenas rhoncus aliquam lacus morbi,87,23,Oil & Gas Production,44598 Arizona Center,5-10 anos,Remoto,Meia jornada,2023-03-18
265,45,Analyst Programmer,Analyst Programmer 53,id ornare imperdiet sapien urna pretium nisl ut volutpat sapien arcu sed augue aliquam,108,26,Major Banks,02325 Chive Center,5-10 anos,Presencial,Meia jornada,2022-12-24
266,40,Systems Administrator II,Systems Administrator II 52,tempor convallis nulla neque libero convallis eget eleifend luctus ultricies,57,21,Computer Software: Prepackaged Software,10 Schmedeman Plaza,0-3 anos,Presencial,Tempo inteiro,2023-09-30
267,35,Human Resources Assistant III,Human Resources Assistant III 26,malesuada in imperdiet et commodo vulputate justo in blandit ultrices enim lorem ipsum dolor,87,33,Plastic Products,7544 Ruskin Road,0-3 anos,Remoto,Meia jornada,2022-12-15
268,14,Desktop Support Technician,Desktop Support Technician 38,eros viverra eget congue eget semper rutrum nulla nunc purus phasellus in felis donec semper,99,22,Multi-Sector Companies,8 Scoville Avenue,3-5 anos,Híbrido,Estágio,2023-11-02
269,30,Analyst Programmer,Analyst Programmer 29,ligula in lacus curabitur at ipsum ac tellus semper interdum mauris ullamcorper purus sit amet nulla quisque,48,34,Computer Software: Prepackaged Software,906 Hazelcrest Way,0 anos,Presencial,Estágio,2023-07-03
270,18,Sales Associate,Sales Associate 86,at vulputate vitae nisl aenean lectus pellentesque eget nunc donec quis,49,40,Major Pharmaceuticals,92 Elka Court,0 anos,Presencial,Estágio,2022-11-27
271,3,Actuary,Actuary 2,hac habitasse platea dictumst etiam faucibus cursus urna ut tellus nulla ut erat id,51,20,Electrical Products,90 Bluejay Plaza,0-3 anos,Remoto,Estágio,2023-09-04
272,38,Automation Specialist III,Automation Specialist III 86,et ultrices posuere cubilia curae duis faucibus accumsan odio curabitur convallis duis consequat dui nec nisi,60,27,Major Banks,752 Golf Crossing,10+ anos,Remoto,Meia jornada,2022-11-28
273,16,Help Desk Technician,Help Desk Technician 33,mauris non ligula pellentesque ultrices phasellus id sapien in sapien iaculis congue,33,40,Television Services,63077 Grasskamp Lane,5-10 anos,Remoto,Tempo inteiro,2023-05-01
274,47,Media Manager IV,Media Manager IV 14,felis donec semper sapien a libero nam dui proin leo odio porttitor id consequat in,42,33,n/a,79031 Lighthouse Bay Road,3-5 anos,Híbrido,Tempo inteiro,2023-06-02
275,29,Systems Administrator I,Systems Administrator I 27,rutrum at lorem integer tincidunt ante vel ipsum praesent blandit lacinia,46,21,Major Banks,821 Golf Course Point,10+ anos,Remoto,Tempo inteiro,2023-09-03
276,13,Mechanical Systems Engineer,Mechanical Systems Engineer 13,maecenas leo odio condimentum id luctus nec molestie sed justo,21,40,Biotechnology: Biological Products (No Diagnostic Substances),8132 Rockefeller Lane,0 anos,Presencial,Meia jornada,2023-05-18
277,43,Quality Control Specialist,Quality Control Specialist 75,viverra pede ac diam cras pellentesque volutpat dui maecenas tristique est et tempus semper,9,40,Other Consumer Services,1404 Carioca Park,3-5 anos,Remoto,Estágio,2023-05-22
278,26,Registered Nurse,Registered Nurse 94,sem mauris laoreet ut rhoncus aliquet pulvinar sed nisl nunc rhoncus dui vel,27,39,Specialty Chemicals,8533 Bartelt Drive,3-5 anos,Presencial,Meia jornada,2023-02-18
279,31,Food Chemist,Food Chemist 14,eget semper rutrum nulla nunc purus phasellus in felis donec,106,34,Major Banks,2 Carberry Plaza,5-10 anos,Presencial,Estágio,2023-01-09
280,5,Assistant Professor,Assistant Professor 79,at feugiat non pretium quis lectus suspendisse potenti in eleifend quam,16,26,Industrial Machinery/Components,458 Elgar Terrace,10+ anos,Remoto,Tempo inteiro,2023-10-23
281,1,Account Executive,Account Executive 100,vehicula consequat morbi a ipsum integer a nibh in quis justo maecenas rhoncus aliquam lacus morbi quis,94,40,n/a,2 Eastlawn Parkway,10+ anos,Híbrido,Estágio,2023-06-05
282,50,Senior Quality Engineer,Senior Quality Engineer 98,placerat ante nulla justo aliquam quis turpis eget elit sodales,100,27,Real Estate Investment Trusts,0 Declaration Street,3-5 anos,Remoto,Tempo inteiro,2023-06-24
283,32,Internal Auditor,Internal Auditor 94,nibh in lectus pellentesque at nulla suspendisse potenti cras in purus eu magna vulputate luctus cum sociis natoque penatibus,115,25,Restaurants,11 Elka Court,3-5 anos,Presencial,Tempo inteiro,2022-12-19
284,48,Junior Executive,Junior Executive 74,nisl ut volutpat sapien arcu sed augue aliquam erat volutpat in congue etiam justo etiam pretium,40,26,Radio And Television Broadcasting And Communications Equipment,23897 Columbus Place,0 anos,Híbrido,Tempo inteiro,2023-02-15
285,39,Analyst Programmer,Analyst Programmer 72,pharetra magna vestibulum aliquet ultrices erat tortor sollicitudin mi sit amet lobortis sapien sapien,122,24,Catalog/Specialty Distribution,7 Artisan Court,0-3 anos,Híbrido,Tempo inteiro,2023-04-21
286,4,Nurse,Nurse 64,tellus nulla ut erat id mauris vulputate elementum nullam varius nulla facilisi cras non velit nec nisi vulputate nonummy maecenas,63,22,Savings Institutions,77381 Scoville Street,3-5 anos,Híbrido,Tempo inteiro,2023-07-15
287,20,Pharmacist,Pharmacist 35,mattis pulvinar nulla pede ullamcorper augue a suscipit nulla elit ac,62,26,Apparel,89468 Transport Lane,10+ anos,Híbrido,Tempo inteiro,2023-10-23
288,2,Geologist II,Geologist II 69,sapien non mi integer ac neque duis bibendum morbi non quam nec dui luctus,70,38,EDP Services,8544 Forest Run Park,0 anos,Presencial,Meia jornada,2023-06-23
289,42,Geological Engineer,Geological Engineer 16,eu interdum eu tincidunt in leo maecenas pulvinar lobortis est phasellus,53,37,Other Consumer Services,38 Spaight Hill,3-5 anos,Presencial,Tempo inteiro,2023-03-23
290,19,Geologist I,Geologist I 16,viverra diam vitae quam suspendisse potenti nullam porttitor lacus at turpis donec posuere metus vitae ipsum aliquam non mauris morbi,53,22,Electrical Products,9205 Tennessee Alley,0-3 anos,Remoto,Estágio,2023-04-19
291,33,Computer Systems Analyst IV,Computer Systems Analyst IV 57,volutpat in congue etiam justo etiam pretium iaculis justo in hac habitasse platea dictumst etiam faucibus cursus urna ut,30,30,Electrical Products,605 Lillian Avenue,3-5 anos,Remoto,Tempo inteiro,2023-10-17
292,46,Help Desk Technician,Help Desk Technician 59,id justo sit amet sapien dignissim vestibulum vestibulum ante ipsum primis in faucibus orci luctus et ultrices,62,20,n/a,7322 Magdeline Plaza,0-3 anos,Híbrido,Tempo inteiro,2023-11-22
293,8,VP Accounting,VP Accounting 31,leo pellentesque ultrices mattis odio donec vitae nisi nam ultrices libero non mattis pulvinar nulla,33,28,Major Banks,5872 Beilfuss Way,3-5 anos,Híbrido,Meia jornada,2022-12-07
294,21,Financial Analyst,Financial Analyst 34,accumsan tellus nisi eu orci mauris lacinia sapien quis libero nullam sit amet turpis elementum ligula vehicula consequat morbi,61,24,Commercial Banks,60016 Anzinger Plaza,5-10 anos,Remoto,Meia jornada,2023-10-11
295,23,Information Systems Manager,Information Systems Manager 41,sed augue aliquam erat volutpat in congue etiam justo etiam pretium iaculis justo in hac habitasse platea dictumst,91,34,Telecommunications Equipment,8 Moulton Circle,0 anos,Presencial,Tempo inteiro,2023-05-01
296,10,Web Designer IV,Web Designer IV 90,sapien quis libero nullam sit amet turpis elementum ligula vehicula consequat morbi a ipsum integer a nibh in quis,111,21,Real Estate Investment Trusts,1 Fairview Way,0-3 anos,Presencial,Estágio,2023-10-28
297,49,Programmer Analyst III,Programmer Analyst III 29,ut erat id mauris vulputate elementum nullam varius nulla facilisi cras non,32,21,Restaurants,9521 Huxley Court,0 anos,Híbrido,Tempo inteiro,2023-11-16
298,37,Engineer III,Engineer III 52,id pretium iaculis diam erat fermentum justo nec condimentum neque sapien placerat,63,27,RETAIL: Building Materials,128 Goodland Lane,5-10 anos,Remoto,Estágio,2022-12-28
299,22,Software Engineer IV,Software Engineer IV 35,posuere cubilia curae mauris viverra diam vitae quam suspendisse potenti nullam porttitor lacus at,90,39,Specialty Chemicals,3 Bay Plaza,3-5 anos,Híbrido,Estágio,2023-09-23
300,6,Paralegal,Paralegal 11,sapien sapien non mi integer ac neque duis bibendum morbi non quam nec dui,35,29,Business Services,9643 Corry Lane,0-3 anos,Híbrido,Estágio,2023-11-21